model,compliance_score
claude-3-7-sonnet-20250219,0.8629032258064516
gpt-4o-2024-08-06,0.8419354838709677
Qwen-Qwen2.5-72B-Instruct-Turbo,0.8064516129032258
meta-llama-Meta-Llama-3.1-405B-Instruct-Lite-Pro,0.7677419354838709
